Placas,Tipo,Color,Estado,Foto

TVU517, Nissan Altima Silver, N/A, Minnesota, https://di-shared-assets.dealerinspire.com/legacy/rackspace/ldm-images/2020-Nissan-Altima-Color-Brilliant-Silver-Metallic.png 
97ELZW, Jeep 4x4, Blanca, Florida, https://i.pinimg.com/564x/20/a9/6c/20a96c77aa567b08781074775bfdf503.jpg
RRY892, Nissan Rogue, Blanca, Minnesota, https://vehicle-images.carscommerce.inc/stock-images/chrome/769127efa3919b6d2f26259efcf7d147.png
SXJ267, Nissan Rogue, Blanca, Minnesota, https://vehicle-images.carscommerce.inc/stock-images/chrome/769127efa3919b6d2f26259efcf7d147.png
VFC7352, Honda Odyssey, Gris, North Carolina, https://w7.pngwing.com/pngs/195/151/png-transparent-2016-honda-odyssey-2015-honda-odyssey-2017-honda-odyssey-car-honda-compact-car-mode-of-transport-windshield.png
TNG351, Chrysler Pacifica, Blanca, Minnesota, https://w7.pngwing.com/pngs/894/249/png-transparent-2018-chrysler-pacifica-limited-passenger-van-2018-chrysler-pacifica-touring-plus-passenger-van-ram-pickup-dodge-dodge-compact-car-sedan-car.png
EZV1231, Nissan Rogue, Blanca, Michigan, https://vehicle-images.carscommerce.inc/stock-images/chrome/769127efa3919b6d2f26259efcf7d147.png
EXL235, Mitsubishi Outlander, Gris, Montana, https://www.mitsubishimotors.pr/content/dam/mitsubishi-motors-pr/images/cars/outlander-sport/2024/primary/exterior/04-se/U17_45_24OTL-Sport-04-Front-L.png
14DZEQ, Hyundai Sonata, Negra, Florida, https://360view.3dmodels.org/zoom/Hyundai/Hyundai_Sonata_Mk5_NF_2008_1000_0001.jpg
TYC825, Nissan Titan, Negra, N/A, https://di-shared-assets.dealerinspire.com/legacy/rackspace/ldm-images/2020-Nissan-Titan-Crew-Cab-PRO-4X.png
TYC768, Ford Explorer, Negra, N/A, https://e7.pngegg.com/pngimages/340/869/png-clipart-2017-ford-explorer-ford-motor-company-2016-ford-explorer-car-suv-car-automatic-transmission.png
TYC859, Nissan Pathfinder, Negra, N/A, https://vehicle-images.carscommerce.inc/stock-images/chrome/91bff140a9be229d73091f3a94e40ed5.png
737LFR, Ford Expedition, Gris, N/A, https://www.fordcountrymotors.mx/Assets/ModelosNuevos/Img/Modelos/EXPEDITION/26/coloresred/GRIS-DENIM.png
751RUT, Ford Explorer, Plateada, N/A, https://i.blogs.es/30865a/16_frd_epr_000031.ltd/650_1200.png
791JVV, Subaru Legacy, Gris plata, N/A, https://images.dealer.com/ddc/vehicles/2022/Subaru/Legacy/Sedan/perspective/front-left/2022_76.png
JRV507, Dodge durango, Blanca, N/A, https://e7.pngegg.com/pngimages/256/409/png-clipart-2014-dodge-durango-2013-dodge-durango-car-2018-dodge-durango-dodge-compact-car-car.png
MHR510, Ford F150 pick up, Blanca, Minnesota, https://www.fordgarzasada.mx/Assets/ModelosNuevos/Img/Modelos/F-150/26/coloresred/BLANCO-OXFORD.png
CXM003, Dodge Charger, Negro, N/A, https://e7.pngegg.com/pngimages/408/244/png-clipart-dodge-charger-daytona-chrysler-ram-pickup-dodge-daytona-dodge-compact-car-sedan-thumbnail.png
172RDJ, Ford Explorer SUV, Negra, N/A, https://e7.pngegg.com/pngimages/340/869/png-clipart-2017-ford-explorer-ford-motor-company-2016-ford-explorer-car-suv-car-automatic-transmission.png
GWT716, Ford F150 Pick up, Gris Oscuro, N/A, https://www.shutterstock.com/image-vector/icon-logo-sign-truck-car-260nw-2475760465.jpg
OHL708, Jeep Grand Cherokee SUV, Negra, N/A, https://e7.pngegg.com/pngimages/295/665/png-clipart-black-jeep-grand-cherokee-suv-2017-jeep-grand-cherokee-2018-jeep-grand-cherokee-trackhawk-sport-utility-vehicle-black-jeep-grand-cherokee-car-vehicle-transport.png
2EP514, Dodge Duranggo SUV, Gris Oscuro, N/A, https://di-uploads-pod3.dealerinspire.com/championauto/uploads/2022/03/2022-Dodge-Durango.png
LEE110, Jeep Grand Cherokee SUV, Negra, N/A, https://e7.pngegg.com/pngimages/295/665/png-clipart-black-jeep-grand-cherokee-suv-2017-jeep-grand-cherokee-2018-jeep-grand-cherokee-trackhawk-sport-utility-vehicle-black-jeep-grand-cherokee-car-vehicle-transport.png
LEE109, Jeep Cherokee SUV, Negra, N/A, https://e7.pngegg.com/pngimages/295/665/png-clipart-black-jeep-grand-cherokee-suv-2017-jeep-grand-cherokee-2018-jeep-grand-cherokee-trackhawk-sport-utility-vehicle-black-jeep-grand-cherokee-car-vehicle-transport.png
EVC377, Checvrolet Tahoe SUV, Azul grisaceo, N/A, https://chevroletriogrande.com/tahoe/img/tahoe-gris-grafito-metalico.jpg
LWH341, Nissan Rogue SUV, Negra, N/A, https://di-shared-assets.dealerinspire.com/legacy/rackspace/ldm-images/2021-Nissan-Rogue-S-trim.png
063KXL, Ford Explorer SUV, Azul Oscuro, N/A, https://w7.pngwing.com/pngs/440/782/png-transparent-ford-escape-2018-ford-explorer-xlt-sport-utility-vehicle-automatic-transmission-ford-car-automatic-transmission-vehicle.png
EDF533, Dodge Charger, Negra, Minnesota, https://e7.pngegg.com/pngimages/408/244/png-clipart-dodge-charger-daytona-chrysler-ram-pickup-dodge-daytona-dodge-compact-car-sedan-thumbnail.png
JJN313, Jeep Grand Cherokee, Roja, N/A, https://www.comercialhidrobo.com/wp-content/uploads/2022/02/grand-cherokee-465x287-limited-velvetred.png
398EMM, Ford Explorer SUV, Gris Oscuro, N/A, ttps://e7.pngegg.com/pngimages/564/134/png-clipart-ford-explorer-car-2017-ford-expedition-xlt-2015-ford-expedition-xlt-ford-car-vehicle.png
941KXR, Nissan Titan Pick up, Gris, NA, https://di-shared-assets.dealerinspire.com/legacy/rackspace/ldm-images/2020-Nissan-Titan-color-Brilliant-Silver-Metallic.png
EVC285, Chevrolet Tahoe SUV, Azul Grisaceo, N/A,  https://carone.com.mx/wp-content/uploads/2025/12/tahoe-2.png
198KFJ, Ford Expedition SUV, Gris Oscuro, N/A, https://www.fordgema.mx/Assets/ModelosNuevos/Img/Modelos/EXPEDITION/25/coloresred/GRIS-MAGNETO.png
2EP515, Dodge Durango SUV, Gris, N/A, https://di-uploads-pod3.dealerinspire.com/championauto/uploads/2022/03/2022-Dodge-Durango.png
SJL560, no identificada, Gris, N/A, N/A
SJM522, Chevy Trax, Gris, N/A, https://www.carsized.com/resources/chevrolet/trax/d/2023/sl_263117125_chevrolet-trax-2023-side-view_4x.png
TCH3957, Tahoe, Negra, N/A, https://back.chevrolet.com.do/wp-content/uploads/2019/04/2019-tahoe-suv-1lz-gba-colorizer.png
LKJ8390, Ram, Blanca, N/A, https://e7.pngegg.com/pngimages/382/326/png-clipart-2017-ram-1500-ram-trucks-jeep-chrysler-pickup-truck-jeep-truck-car.png
SMX778, Ford Expedition, Negra, N/A, https://www.fordcountrymotors.mx/Assets/ModelosNuevos/Img/Modelos/EXPEDITION/25/coloresred/NEGRO-OBSIDIANA.png
FTCT47, Mazda Cx9, Negra, N/A, https://mazdapng.com/wp-content/uploads/2018/04/cx9-black.png  
SEL165, Rav4, Negro, N/A, https://automercantiltoyota.com/wp-content/uploads/2016/10/0002_rav4negro.png
TLN852, Toyota Tundra, Verde, N/A, https://i.3dmodels.org/uploads/Toyota/544_Toyota_Tundra_Mk3_XK70_CrewMax_TRD_SR5_2022/Toyota_Tundra_Mk3_XK70_CrewMax_TRD_SR5_2022_1000_0001.jpg
RZH417, N/A, N/A, Oklahoma, N/A
798502E, N/A, N/A, Montana, N/A
JAB1002, Van Dodge, Gris, New York, https://w7.pngwing.com/pngs/289/735/png-transparent-dodge-caravan-chrysler-2018-dodge-grand-caravan-se-dodge-compact-car-building-van.png
9KDY423, Hyundai Tucson, Negra, California, https://di-enrollment-api.s3.amazonaws.com/hyundai/models/2020/tucson/trims/Value.png
42653K3, Nissan Titan, N/A, California, https://mir-s3-cdn-cf.behance.net/project_modules/fs/029cc5181702111.65202e7e39e9b.png
00691M2, Dodge Ram, Blanca, California, https://e7.pngegg.com/pngimages/382/326/png-clipart-2017-ram-1500-ram-trucks-jeep-chrysler-pickup-truck-jeep-truck-car.png
9BDU023, Ford Expedition, Negra, California, https://www.fordcountrymotors.mx/Assets/ModelosNuevos/Img/Modelos/EXPEDITION/25/coloresred/NEGRO-OBSIDIANA.png
RJM2925, N/A pickup, azul, Texas, https://www.shutterstock.com/image-vector/blue-truck-modern-art-design-260nw-2057311190.jpg
LWS6004, Jeep Wagonner, Blanca, New York, https://carimages.d2cmedia.ca/newcarimages/en/cb69e53da5608a0/Jeep/Grand%20Wagoneer/2025/2100/461380/White/front45.png
R16KVY, Dodge Charger, Negro, N/A, https://e7.pngegg.com/pngimages/408/244/png-clipart-dodge-charger-daytona-chrysler-ram-pickup-dodge-daytona-dodge-compact-car-sedan-thumbnail.png
xcx1590, Chevrolet, Blanca, Texas, N/A
SGC754, Ford, Azul, N/A, N/A
6GJA79, Nissan, Rojo, Massachusetts, N/A
DOWS26, Nissan, Cafe, Colorado, N/A
27008A, Ford, Azul, Wisconsin, N/A
140659, Mazda, Negra, N/A, https://www.vhv.rs/dpng/d/493-4938160_mazda-png-file-mazda-6-touring-2018-black.png
CZJ3677, Chrysler Pacifica, Negra, Georgia, https://vehicle-images.carscommerce.inc/stock-images/chrome/fb82900c156d710cad19bfd2d07696a3.png
XET406, Chevy Malibu, N/A, Sur de Carolina, https://e7.pngegg.com/pngimages/574/223/png-clipart-2017-chevrolet-malibu-2018-chevrolet-malibu-2019-chevrolet-impala-car-chevrolet-compact-car-sedan.png
WBT2329, Hyundai Tucson, Negra, Texas, https://e7.pngegg.com/pngimages/62/333/png-clipart-2018-hyundai-santa-fe-sport-2017-hyundai-santa-fe-sport-car-hyundai-tucson-hyundai-compact-car-car.png
AODRB9A, Kia K5, Negra, Alabama, https://images.dealer.com/ddc/vehicles/2023/Kia/K5/Sedan/perspective/front-left/2023_24.png
CZJ3677, Chrysler Pacifica, Negra, Georgia, https://vehicle-images.carscommerce.inc/stock-images/chrome/fb82900c156d710cad19bfd2d07696a3.png
HEH2510, Ford Expedition, Blanca, New York, https://www.fordravisa.mx/Assets/ModelosNuevos/Img/Modelos/EXPEDITION/25/coloresred/BLANCO-METALICO.png
SXR2284, Ford Escape, Gris, N/A, https://w7.pngwing.com/pngs/914/377/png-transparent-car-2016-ford-escape-2015-ford-escape-compact-sport-utility-vehicle-car.png
NJR4093, Dodge Charger, Negro, N/A, https://e7.pngegg.com/pngimages/408/244/png-clipart-dodge-charger-daytona-chrysler-ram-pickup-dodge-daytona-dodge-compact-car-sedan-thumbnail.png
SST573, Jeep Cherokee, Blanca, N/A, https://e7.pngegg.com/pngimages/524/526/png-clipart-2017-jeep-compass-car-2018-jeep-compass-jeep-cherokee-jeep-car-compass-thumbnail.png
NJR4097, Dodge Charger, N/A, N/A, https://e7.pngegg.com/pngimages/408/244/png-clipart-dodge-charger-daytona-chrysler-ram-pickup-dodge-daytona-dodge-compact-car-sedan-thumbnail.png
LMY2383, Jeep, Negra, Texas, N/A
SST573, Jeep Cherokee, Blanca, Minnesota, https://w7.pngwing.com/pngs/361/313/png-transparent-2015-jeep-grand-cherokee-1993-jeep-grand-cherokee-2014-jeep-grand-cherokee-limited-car-hummer-car-automatic-transmission-vehicle.png
LMY2383, Jeep Cherokee, Negro, N/A, https://e7.pngegg.com/pngimages/633/214/png-clipart-2016-jeep-cherokee-jeep-grand-cherokee-chrysler-2018-jeep-cherokee-jeep-car-vehicle.png
AS13QK, Chevy Suburban, Negra, Florida, https://di-uploads-pod12.dealerinspire.com/mcfarlandchevroletbuick/uploads/2024/03/2024-Chevrolet-Suburban-Black.png
XDK3990, Chevy Suburban, Gris, Texas, https://es.valleychevy.com/wp-content/uploads/2022/12/Suburban2023-Bean-SterlingGray.png
RK16KVY, Dodge, Negra, New Jersey, https://e7.pngegg.com/pngimages/408/244/png-clipart-dodge-charger-daytona-chrysler-ram-pickup-dodge-daytona-dodge-compact-car-sedan-thumbnail.png
R62LCP, Nissan Pathfinder, Gris, New Jersey, https://w7.pngwing.com/pngs/743/880/png-transparent-2012-nissan-pathfinder-car-2009-nissan-pathfinder-2008-nissan-pathfinder-nissan-car-vehicle-transport.png
A7055K, Nissan Altima, Gris, New Jersey, https://www.nissanlatam.com/Catalogos/altima/images/color/pic7.png
AZ55GY, Jeep Wagoneer, Negra, Florida, https://assets.alpineco.com/Armored_Jeep_Grand_Wagoneer_0cc2ed7f11.png
SFZ235, Mazda CX-5, Gris, Minnesota, https://www.mazda.com.uy/wp-content/uploads/2025/03/Mazda-Cx-5-High-plus-carbon-edition.png
089BBDH, Ford Escape, Gris, Tennessee, https://e7.pngegg.com/pngimages/445/913/png-clipart-2014-ford-escape-2013-ford-escape-2015-ford-escape-2016-ford-escape-car-ford-compact-car-car.png
Jet5031, N/A, N/A, N/A, N/A
COF672, Nissan Titan, Gris, Kentucky, https://di-shared-assets.dealerinspire.com/legacy/rackspace/ldm-images/2020-Nissan-Titan-color-Brilliant-Silver-Metallic.png
140659, Mazda, Negra, Illinois, https://www.vhv.rs/dpng/d/493-4938160_mazda-png-file-mazda-6-touring-2018-black.png
A0DRB9A, Kia K5, Negra, Alabama, https://images.dealer.com/ddc/vehicles/2023/Kia/K5/Sedan/perspective/front-left/2023_24.png
VTN5131, Nissan Roge, Gris Oscuro, Texas, https://w7.pngwing.com/pngs/836/548/png-transparent-2016-nissan-rogue-car-2018-nissan-rogue-2017-nissan-rogue-hybrid-nissan-compact-car-car-mode-of-transport.png
1ZL584, Jeep Cherokee, Blanca, Rhode Island, https://w7.pngwing.com/pngs/361/313/png-transparent-2015-jeep-grand-cherokee-1993-jeep-grand-cherokee-2014-jeep-grand-cherokee-limited-car-hummer-car-automatic-transmission-vehicle.png
CZJ3677, Chrysler Pacifica, Negra, Georgia, https://di-shared-assets.dealerinspire.com/legacy/rackspace/ldm-images/2023-chrysler-pacifica-hero.png
CGYO276, Ford Scape, Negra, washington, https://www.ford.com/acslibs/content/dam/na/ford/en_us/images/escape/2025/jellybeans/2025_Escape_ST-Line_Elite_Left.png
C921490, Ford F150, Gris, N/A, https://www.fordcordoba10.mx/Assets/ModelosNuevos/Img/Modelos/F-150/26/coloresred/PLATA.png
KHR1311, Jeedp Wagoneer, N/A, N/A, https://carimages.d2cmedia.ca/newcarimages/en/cb69e53da5608a0/Jeep/Grand%20Wagoneer/2025/2100/461380/White/front45.png
XHP9875, Hyundai Tucson, Blanca, Texas, https://i.pinimg.com/736x/c8/ce/46/c8ce46eabb785d5dc14b08cebf1cc13f.jpg
TYC813, Ford F150, Gris, N/A, https://www.shutterstock.com/image-vector/icon-logo-sign-truck-car-260nw-2475760465.jpg
TVU517, Silver Nissan Altima, N/A, Minnesota, https://di-shared-assets.dealerinspire.com/legacy/rackspace/ldm-images/2020-Nissan-Altima-Color-Brilliant-Silver-Metallic.png
97ELZW, Jeep 4x4, Blanca, Florida, https://png.pngtree.com/png-clipart/20250130/original/pngtree-a-nice-white-jeep-vehicle-image-png-image_20346960.png
RRY892, Nissan Rogue, Blanca, Minnesota, https://di-sitebuilder-assets.dealerinspire.com/Nissan/MLP/Rogue/2026/Colors/Everest+White+Pearl.png
SXJ267, Nissan Rogue, Negra, Minnesota, https://di-shared-assets.dealerinspire.com/legacy/rackspace/ldm-images/2021-Nissan-Rogue-S-trim.png
VFC7352, Honda Odyssey, Gris, Carolina, https://e7.pngegg.com/pngimages/697/695/png-clipart-2017-honda-odyssey-car-minivan-2016-honda-odyssey-se-honda-compact-car-van.png
TNG351, Chrysler Pacifica, Gris, Carolina, https://w7.pngwing.com/pngs/585/649/png-transparent-2019-chrysler-pacifica-jeep-car-minivan-vip-rent-a-car-compact-car-sedan-car.png
3GP6136, Silver Volkswagen Taos, N/A, Maryland, https://di-shared-assets.dealerinspire.com/legacy/rackspace/ldm-images/2022-Volkswagen-Taos-color-Pyrite-Silver-Metallic.png
150191, Chrysler Pacifica, Blanca, Illinois, https://di-shared-assets.dealerinspire.com/legacy/rackspace/ldm-images/2019-Chrysler-Pacifica-Bright-White.png
JKL640, Jeep, Roja, Lowa, N/A
LXS234, Toyota Highlander, Gris, Minnesota, https://e7.pngegg.com/pngimages/240/406/png-clipart-2016-toyota-highlander-car-2018-toyota-highlander-sport-utility-vehicle-car-compact-car-car.png
PGM862, Dodge Grand, Roja, Minnesota, https://e7.pngegg.com/pngimages/673/713/png-clipart-2016-dodge-grand-caravan-dodge-caravan-minivan-caravan-compact-car-van.png
SXJ034, N/A, N/A, N/A, N/A
EXX491, N/A, N/A, N/A, N/A
RRY859, Ford Escape, Negra, N/A, https://w7.pngwing.com/pngs/255/108/png-transparent-2017-ford-escape-titanium-sport-utility-vehicle-ford-ecoboost-engine-2018-ford-escape-titanium-ford-compact-car-car-automatic-transmission.png
CHV1013, Ford, Negra, Washington, N/A
VMA1609, N/A, N/A, N/A, N/A
VMA1809, Ford, Negra, Virginia, N/A
IWA290, Jeep, Negra, Lowa, N/A
9JRT511, Ford Expedition, N/A, N/A, N/A 
8NCJ185, Cheroke, Gris, N/A, https://www.aetos.mx/wp-content/uploads/2018/01/Gran-Cherokee-Gris-Plata-2018.png
AOCN6WC, Hyunday, Azul, N/A, N/A
SYZ2015, Tord, Negra, N/A, N/A
LKM5804, Chevy Tahoe, N/A, N/A, N/A
TCB2534, Dodge charge, N/A, N/A, N/A
JBH265, Jeep, Blanca, N/A, N/A
IWA298, Jeep, Negra, N/A, https://e7.pngegg.com/pngimages/295/665/png-clipart-black-jeep-grand-cherokee-suv-2017-jeep-grand-cherokee-2018-jeep-grand-cherokee-trackhawk-sport-utility-vehicle-black-jeep-grand-cherokee-car-vehicle-transport.png
ERV575, Dodge, Negro, N/A, https://e7.pngegg.com/pngimages/408/244/png-clipart-dodge-charger-daytona-chrysler-ram-pickup-dodge-daytona-dodge-compact-car-sedan-thumbnail.png
AS13QK, Chevy Suburban, Florida, N/A
NBR623, N/A, N/A, N/A, N/A
AST3QK, N/A, N/A, Florida, N/A
CGY0276, Suburban, Negra, N/A, N/A
SFZ235, Mazda cx5, N/A, N/A, N/A
GNS613, Chevy, N/A, N/A,N/A
LM1T9T, Chevy Blazer, N/A, Missouri, N/A
DQ93GU, GMC Yukon Denali SUV, Blanca, Florida, https://e7.pngegg.com/pngimages/628/369/png-clipart-2018-gmc-yukon-xl-car-2017-gmc-yukon-2016-gmc-yukon-car-compact-car-glass-thumbnail.png
BFR061, Jeep Wagoneer, Blanca, Nebraska, https://carimages.d2cmedia.ca/newcarimages/en/cb69e53da5608a0/Jeep/Grand%20Wagoneer/2025/2100/461380/White/front45.png
190ESH, SUV, Negra, N/A, N/A
CZW943, Ford SUV, Cafe, N/A, https://e7.pngegg.com/pngimages/368/898/png-clipart-2017-ford-expedition-el-limited-suv-2017-ford-expedition-platinum-suv-ford-motor-company-ford-ecoboost-engine-ford-car-mode-of-transport.png
XHP9875, Tcson, Blanca, Texas, https://i.pinimg.com/736x/c8/ce/46/c8ce46eabb785d5dc14b08cebf1cc13f.jpg
1ZL584, Jeep Cherokee, Blanca, Rhode Island, https://w7.pngwing.com/pngs/361/313/png-transparent-2015-jeep-grand-cherokee-1993-jeep-grand-cherokee-2014-jeep-grand-cherokee-limited-car-hummer-car-automatic-transmission-vehicle.png
MN55125, N/A, N/A, N/A, N/A
TYC899, N/A, N/A, N/A, N/A
TYC842, N/A, N/A, N/A, N/A
ZNC127, N/A, N/A, N/A, N/A
FLY94, N/A, N/A, N/A, N/A
1kg356, N/A, N/A, N/A, N/A
44RAU4, N/A, N/A, N/A, N/A
FLY957, Silveer Ford Explorer, N/A, Minnesota, N/A
JRV507, Dodge Durango, Blanco, Iowa, https://acroadtrip.blob.core.windows.net/catalogo-imagenes/s/RT_V_019f631f635043a1803a129326939cc2.jpg
LRP493, Ford F150, Negra, Minnesota, https://e7.pngegg.com/pngimages/405/771/png-clipart-pickup-truck-ford-motor-company-2018-ford-f-150-lariat-2018-ford-f-150-platinum-pickup-truck-truck-car.png
056KXH, Dodge Ram, Plateada, Minnesota, https://es.ramtrucks.com/content/dam/fca-brands/na/ramtrucks/en_us/bhp-redesign/desktop/ram-1500-rev.png.image.500.png
44RAV8, Dodge Ram, Gris, Dakota del Sur, https://e7.pngegg.com/pngimages/871/705/png-clipart-gray-dodge-ram-1500-crew-cab-truck-2018-ram-2500-ram-trucks-ram-pickup-dodge-car-pickup-dodge-ram-truck-truck-pickup-truck.png
191KTJ, Ford Explorer, Azul, Minnesota, https://i.pinimg.com/736x/1a/7b/cf/1a7bcf48c8fd39c922fb082ab86914eb.jpg
JTR210, Jeep Ladero, Gris, Iowa, https://www.jeep.com/content/dam/cross-regional/stellantis/jeep/latam-rol/chile/es_cl/modelizer-zero/grandcherokee/limited/Grand-Cherokee-gris-silver.png.img.1440.png
9UG830, Nissan Titan, Gris, N/A, https://www.carsized.com/resources/nissan/titan/crew-cab/2015/sm_317133196_nissan-titan-2015-side-view_4x.png
RDT383, Ford f-150, Plateada, Minnesota, https://www.carroya.com/noticias/sites/default/files/carroya_-_ford_f_150_21.jpg
NLS954, Ram 4x4, Plateada, N/A, https://www.ram.com/content/dam/cross-regional/nafta/ramtrucks/es_mx/paginas-genericas/mild-hybrid/02-modelos/ram-1500-mild-hybrid-longhorn-modelos-02.png.img.1440.png
JIX246, Jeep Grand, Roja, Lowa , https://e7.pngegg.com/pngimages/956/252/png-clipart-2016-jeep-grand-cherokee-dodge-chrysler-jeep-cherokee-jeep-car-off-road-vehicle-thumbnail.png
JPZ460, Dodge Durango, Blanca, N/A, https://di-uploads-pod24.dealerinspire.com/mlchryslerdodgejeepram/uploads/2024/10/2025-Dodge-Durango-White-Knuckle-at-ML-Chrysler-Dodge-Jeep-Ram-of-Lexington.png
TPJ639, Nissan Pathfinder, Negra, Minnesota, https://vehicle-images.carscommerce.inc/stock-images/chrome/91bff140a9be229d73091f3a94e40ed5.png
TNZ924, Nissan Pathfinder, Negra, Minnesota, https://images.dealer.com/ddc/vehicles/2026/Nissan/Pathfinder/SUV/trim_Platinum_477e75/color/Super%20Black-KH3-5%2C5%2C5-640-en_US.jpg
AGM085, Jeep Grand Cherokee, Roja, Nebraska, https://di-shared-assets.dealerinspire.com/legacy/rackspace/ldm-images/2018-Jeep-Grand-Cherokee-Velvet-Red-Pearl-Coat-Exterior-Paint.png
MHR510, Ford F150, Blanca, Minnesota, https://di-sitebuilder-assets.dealerinspire.com/Ford/MLP/f150/2024/XL.png
TPN458, Nissan Pathfinder, Negra, Minnesota, https://vehicle-images.carscommerce.inc/stock-images/chrome/91bff140a9be229d73091f3a94e40ed5.png
AIV666, Jeep Grand Cherokee, Plateada, Nebraska, https://vehicle-images.carscommerce.inc/stock-images/chrome/91bff140a9be229d73091f3a94e40ed5.png
AXS231, Jeep Grand Cherokee, Gris, Minnesota, https://www.jeep.com/content/dam/cross-regional/stellantis/jeep/latam-rol/chile/es_cl/modelizer-zero/grandcherokee/limited/Grand-Cherokee-gris-silver.png.img.1440.png
LCE568, Jeep Grand Cherokee, Negra, Minnesota, https://www.jeep.com.ar/content/dam/cross-regional/latam/jeep/es_ar/bhp/lineup/jellybean-gc-2023.png.img.300.png
LNF875, Dodge Grand Cherokee, Negra, Minnesota, https://di-shared-assets.dealerinspire.com/legacy/rackspace/ldm-images/2019-Dodge-Grand-Caravan-Black-Onyx-Crystal-Pearl-Coat-Color.jpg
CTG745, Toyota Highlander, Negra, Minnesota, https://dealerinspire-image-library-prod.s3.us-east-1.amazonaws.com/images/sO7ZgPdRVcb4miuP7FtXttWA2YjMLVL4ot2KTMkj.png
EVC772, Ford Expedition, Negra, Minnesota, https://cka-dash.s3.amazonaws.com/316-1219-CCF910/model1.png
376WBM, Chevrolet Tahoe, Gris, Minnesota, https://chevrolet-tlalpan.com/wp-content/uploads/2019/07/tahoe-2.png
219TUT, Ford Expedition, Gris, Minnesota, https://di-sitebuilder-assets.dealerinspire.com/Ford/MLP/Expedition/2024/LIMITED+MAX.png
TWA331, Chevrolet Silverado, Negra, Minnesota, https://i.pinimg.com/736x/87/78/b6/8778b68fae0028081a07d9e9e10ab922.jpg
RWF909, Ford Escape, Blanca, Minnesota, https://www.fmdt.info/vehicle/ford/2019/escape-s-32-white.png
RHS960, Chevy Equinox, Azul Oscuro, Minnesota, https://di-uploads-pod5.dealerinspire.com/mccluskeychevy/uploads/2016/10/2017-Chevy-Equinox-Model-Left.jpg
977275, Chevy Esquinox, Blanca, Minnesota, https://www.chevrolet.com.ar/bypass/gmccontenthub/chevrolet/gm-ar/colorizer_equinox/images/colorizer/blanco_frente.png
EDK9557, Ford Explorer, Negro, Minnesota, N/A, https://e7.pngegg.com/pngimages/340/869/png-clipart-2017-ford-explorer-ford-motor-company-2016-ford-explorer-car-suv-car-automatic-transmission.png  
ED72164, Ford Edge, Azul, Illinois, https://www.fordcountryaguaazul.mx/Assets/ModelosNuevos/Img/Modelos/EDGE-HIBRIDA/26/coloresred/AZUL-CAPRI.png
ED72212, Subaru, Plateado, Illinois, https://i.pinimg.com/736x/ce/08/5e/ce085ea508e6fdad4727ecec1a42382e.jpg
ED87716, Honda CRV, Blanco, Illinois, https://www.shutterstock.com/image-photo/honda-crv-on-white-background-260nw-2640520009.jpg
ED72191, N/A, Plata, Illinois, N/A
ED23351, Ford, Blanco, N/A, N/A  
ED72156, Ford Explorer, Negro, Illinois, N/A, https://e7.pngegg.com/pngimages/340/869/png-clipart-2017-ford-explorer-ford-motor-company-2016-ford-explorer-car-suv-car-automatic-transmission.png
ED72210, Ford Explorer, Gris, Illinois, https://w7.pngwing.com/pngs/540/853/png-transparent-ford-motor-company-car-2016-ford-explorer-2015-ford-explorer-xlt-ford-car-automatic-transmission-transport-thumbnail.png
ED72163, Ford Edge, Negro, Illinois, https://www.fordsantaanita.mx/Assets/ModelosNuevos/Img/Modelos/EDGE-HIBRIDA/26/coloresred/NEGRO-OBSIDIANA.png
ED72169, Ford Explorer ,Blanco, Illinois, https://i.pinimg.com/736x/34/e7/29/34e729b903a390edce7669b241152738.jpg
ED72158, Ford Explorer ,Blanco, Illinois, https://i.pinimg.com/736x/34/e7/29/34e729b903a390edce7669b241152738.jpg
ED72209, Ford Explorer ,Gris, Illinois, https://w7.pngwing.com/pngs/540/853/png-transparent-ford-motor-company-car-2016-ford-explorer-2015-ford-explorer-xlt-ford-car-automatic-transmission-transport-thumbnail.png
ED72159, Ford Explorer ,Blanco, Illinois, https://i.pinimg.com/736x/34/e7/29/34e729b903a390edce7669b241152738.jpg
ED72183, Ford Explorer ,Gris, Illinois, https://w7.pngwing.com/pngs/540/853/png-transparent-ford-motor-company-car-2016-ford-explorer-2015-ford-explorer-xlt-ford-car-automatic-transmission-transport-thumbnail.png
ED55414, SUV Chevy ,Negro, Illinois, https://di-uploads-pod12.dealerinspire.com/mcfarlandchevroletbuick/uploads/2024/03/2024-Chevrolet-Suburban-Black.png
ED69443, Cadillac Escalade ,Negro, Illinois, https://w7.pngwing.com/pngs/108/93/png-transparent-2018-cadillac-escalade-esv-2016-cadillac-escalade-esv-car-lexus-lx-cadillac-glass-car-vehicle.png
EDXW61, Chevrolet (Chevy) Tahoe ,Negro, Colorado, https://w7.pngwing.com/pngs/170/1016/png-transparent-2018-chevrolet-tahoe-car-general-motors-2017-chevrolet-tahoe-premier-suv-chevrolet-tahoe-car-automatic-transmission-vehicle.png
EDYD14, Chevrolet (Chevy) Tahoe ,Negro, N/A, https://w7.pngwing.com/pngs/170/1016/png-transparent-2018-chevrolet-tahoe-car-general-motors-2017-chevrolet-tahoe-premier-suv-chevrolet-tahoe-car-automatic-transmission-vehicle.png
EDS663, Chevrolet (Chevy) Traverse ,Gris, Minnesota, https://chevrolet-tlalpan.com/wp-content/uploads/2019/07/traverse-colores_0008_Capa-1.png
EDS141, Jeep Grand Cherokee ,Gris, Montana, https://www.jeep.com/content/dam/cross-regional/stellantis/jeep/latam-rol/chile/es_cl/modelizer-zero/grandcherokee/limited/Grand-Cherokee-gris-silver.png.img.1440.png
EDW286, Nissan Pathfinder ,Negro, Minnesota, https://pictures.dealer.com/n/nissangroup/0427/deaec9d0d324cc01f67bb165ba76fa3fx.jpg
EDXN88, Chevrolet Malibu ,Blanco (Chevy), Colorado, https://www.vhv.rs/dpng/d/77-779836_2018-white-chevy-malibu-hd-png-download.png
EDS742, Chevrolet (Chevy) Tahoe ,Gris, Minnesota, https://chevrolet-tlalpan.com/wp-content/uploads/2019/07/tahoe-2.png
EDS119, RAM ,Azul 1500, Montana, https://www.ram.com/content/dam/cross-regional/global/ramtrucks/bhp-redesign/desktop/my23-1500-dt-limited-trimwalk.png.img.500.png
EDZT63, Ford Expedition, N/A, N/A, 
EDR914, Dodge Durango ,Blanco, Montana, https://e7.pngegg.com/pngimages/256/409/png-clipart-2014-dodge-durango-2013-dodge-durango-car-2018-dodge-durango-dodge-compact-car-car.png
TVU707, RAM 1500, N/A, Minnesota, N/A
TVU550, N/A, Negro, Minnesota, N/A
RAB892, Ford F-150, Blanco, Minnesota, https://di-sitebuilder-assets.dealerinspire.com/Ford/MLP/f150/2024/XL.png
RRZ692, Nissan Altima ,Blanco, Minnesota, https://vehicle-images.carscommerce.inc/stock-images/chrome/4f2e0746055f8ecf4d427de740082b64.png
RRY106, Ford Escape ,Negro, Minnesota, https://vehicle-images.carscommerce.inc/stock-images/chrome/4f2e0746055f8ecf4d427de740082b64.png
SXJ890, RAM 1500 ,Gris, Minnesota, https://w7.pngwing.com/pngs/607/152/png-transparent-ram-trucks-chrysler-dodge-2018-ram-1500-2019-ram-1500-dodge.png
SXJ491, Mazda CX-30 ,Negro, Minnesota, https://acroadtrip.blob.core.windows.net/catalogo-imagenes/l/RT_V_37baa50e2ae4471aabe9d98aa3846543.jpg
SXJ046, Volkswagen (VW) Jetta ,Plateado, Minnesota, https://alden.mx/wp-content/uploads/2023/06/VWJETT2601.png
SXJ968, Kia K5 ,Negro, Minnesota, https://w7.pngwing.com/pngs/910/440/png-transparent-2018-kia-optima-kia-motors-car-geneva-motor-show-kia-k5-compact-car-sedan-car.png
VFC7348, Ford Explorer ,Plateado, Carolina del Norte, https://di-uploads-pod39.dealerinspire.com/kengrodyfordcarlsbad/uploads/2017/07/12017-Ford-Explorer-White-Platinum.png
VFC7423, Jeep Wagoneer ,Gris, Carolina del Norte, https://w7.pngwing.com/pngs/988/31/png-transparent-2017-jeep-grand-cherokee-car-2018-jeep-grand-cherokee-jeep-wrangler-jeep-car-vehicle-rim-thumbnail.png
TNB251, Nissan Altima ,Gris, Minnesota, https://di-sitebuilder-assets.dealerinspire.com/Nissan/MLP/Altima/2025/color-silver.png
TNG765, Chevrolet (Chevy) Equinox ,Azul, N/A, https://www.igburtonchevyseaford.com/assets/stock/ColorMatched_01/Transparent/640/cc_2025CHS15_01_640/cc_2025CHS152039719_01_640_GXP.png
EZV1187, Mazda CX-90 ,Negro,  Míchigan, https://www.mazda.mx/siteassets/mazda-mx/mycos-2026/flydown/mazda-cx70-flydown-perfil-v1.png
EZV1153, Jeep Compass ,Gris,  Míchigan, https://360view.3dmodels.org/zoom/Jeep/Jeep_Compass_Mk2_Limited_2016_1000_0001.jpg
EZV632, Chevrolet (Chevy) Traverse ,Gris, Minnesota, https://chevrolet-tlalpan.com/wp-content/uploads/2019/07/traverse-2.png
EXL130, Toyota RAV4 ,Gris, Minnesota, https://www.pngkey.com/png/full/391-3917188_toyota-rav4-xle-rav-4-2017-gris.png
EXL017, Jeep ,Gris, Minnesota, N/A
01DZEQ, Hyundai Tucson ,Plateado, Florida, https://e7.pngegg.com/pngimages/159/201/png-clipart-2018-hyundai-tucson-2016-hyundai-tucson-car-sport-utility-vehicle-hyundai-compact-car-car.png
TYC827, Ford Fusion ,Gris, Minnesota, https://w1.pngwing.com/pngs/290/191/png-transparent-family-ford-2018-ford-fusion-s-2019-ford-fusion-s-2018-ford-fusion-se-price-car-dealership-ford-fusion-hybrid.png
TYC826, Nissan Altima ,Plateado, Minnesota, https://islarentacar.net/wp-content/uploads/2023/02/NISSAN-ALTIMA-2016-2.png
TYC816, Dodge Charger ,Negro, Minnesota, https://e7.pngegg.com/pngimages/408/244/png-clipart-dodge-charger-daytona-chrysler-ram-pickup-dodge-daytona-dodge-compact-car-sedan-thumbnail.png
TYC848, Ford Explorer ,Plateado, Minnesota, https://www.vhv.rs/dpng/d/334-3347644_iconic-silver-2020-white-ford-explorer-hd-png.png
TYC852, Hyundai Sonata ,Plateado, Minnesota, https://e7.pngegg.com/pngimages/83/247/png-clipart-2015-hyundai-sonata-car-2016-hyundai-sonata-ford-edge-hyundai-compact-car-sedan.png
TYC847, Ford F-150 ,Azul, Minnesota, https://w7.pngwing.com/pngs/880/673/png-transparent-2015-ford-f-150-2017-ford-f-150-pickup-truck-2016-ford-f-150-ford-truck-car-pickup-truck.png
TYC875, Ford Expedition ,Plateado, Minnesota, https://www.dealerfireblog.com/akinsford/wp-content/uploads/sites/1027/2019/02/2019_Ford_Expedition_ingotsilver_B_o.png
TYC834, Nissan Pathfinder, Gris, Minnesota, https://w7.pngwing.com/pngs/743/880/png-transparent-2012-nissan-pathfinder-car-2009-nissan-pathfinder-2008-nissan-pathfinder-nissan-car-vehicle-transport.png
TYC862, GMC Acadia ,Gris, Minnesota, https://w7.pngwing.com/pngs/71/103/png-transparent-2018-gmc-acadia-denali-suv-sport-utility-vehicle-car-general-motors-car.png
TYC863, Nissan Pathfinder ,Gris, Minnesota, https://w7.pngwing.com/pngs/743/880/png-transparent-2012-nissan-pathfinder-car-2009-nissan-pathfinder-2008-nissan-pathfinder-nissan-car-vehicle-transport.png
TYC881, Hyundai Sonata ,Negro, Minnesota, https://e7.pngegg.com/pngimages/279/5/png-clipart-2018-hyundai-sonata-toyota-avensis-car-2017-hyundai-sonata-hyundai-compact-car-sedan.png
TYC869, Dodge Durango ,Gris, Minnesota, https://di-uploads-pod3.dealerinspire.com/championauto/uploads/2022/03/2022-Dodge-Durango.png
TYC806, Ford Taurus ,Negro, Minnesota, https://e7.pngegg.com/pngimages/882/475/png-clipart-2015-ford-taurus-2018-ford-taurus-ford-taurus-sho-car-taurus-compact-car-sedan.png
TYC838, Hyundai Palisade ,Gris, Minnesota, https://inv360models.s3.amazonaws.com/images/palisade-front.png
TYC841, GMC Acadia ,Gris, Minnesota, https://w7.pngwing.com/pngs/71/103/png-transparent-2018-gmc-acadia-denali-suv-sport-utility-vehicle-car-general-motors-car.png
TYC801, Hyundai Sonata ,Negro, Minnesota, https://e7.pngegg.com/pngimages/279/5/png-clipart-2018-hyundai-sonata-toyota-avensis-car-2017-hyundai-sonata-hyundai-compact-car-sedan.png
TYC837, Dodge Durango ,Gris, Minnesota, https://di-shared-assets.dealerinspire.com/legacy/rackspace/ldm-images/2024-dodge-durango-Color-vapor-gray.png
TYC818, Ford Explorer ,Gris, Minnesota, https://w7.pngwing.com/pngs/540/853/png-transparent-ford-motor-company-car-2016-ford-explorer-2015-ford-explorer-xlt-ford-car-automatic-transmission-transport-thumbnail.png
TYC851, Ford F-250 ,Blanco, Minnesota, https://w7.pngwing.com/pngs/181/655/png-transparent-2012-ford-f-250-ford-super-duty-ford-f-series-car-pick-up-truck-car-pickup-truck.png
TYC890, Ford F-150 ,Negro, Minnesota, https://w7.pngwing.com/pngs/786/837/png-transparent-2016-ford-f-150-car-2015-ford-f-150-2017-ford-f-150-ford-truck-car-pickup-truck.png
TYC836, Ford F-150 ,Marrón, Minnesota, https://platform.cstatic-images.com/xxlarge/in/v2/stock_photos/786d1a5f-5a85-4f31-a6c8-ed972d583c93/03729196-11e7-481d-a69a-0dc0d34b69ff.png
TYC874, Ford Expedition ,Plateado, Minnesota, https://live.dealer-asset.co/br1167/siteassets/ford-chile-nueva-explorer-miniatura.png
TYC755, Ford Escape ,Plateado, Minnesota, https://e7.pngegg.com/pngimages/407/989/png-clipart-2017-ford-escape-car-2018-ford-escape-ford-explorer-sunburst-compact-car-car.png
TYC754, GMC Acadia ,Gris, Minnesota, https://cdn.jdpower.com/Models/640x480/2026-GMC-Acadia-AWDAT4.jpg
TYC756, Nissan Titan ,Negro, Minnesota, https://di-shared-assets.dealerinspire.com/legacy/rackspace/ldm-images/2020-Nissan-Titan-color-Super-Black.png
TYC764, Ford F-150 ,Azul, Minnesota, https://w7.pngwing.com/pngs/880/673/png-transparent-2015-ford-f-150-2017-ford-f-150-pickup-truck-2016-ford-f-150-ford-truck-car-pickup-truck.png
TYC767, Hyundai Tucson ,Plateado, Minnesota, https://e7.pngegg.com/pngimages/159/201/png-clipart-2018-hyundai-tucson-2016-hyundai-tucson-car-sport-utility-vehicle-hyundai-compact-car-car.png
TYC760, Ford Explorer ,Blanco, Minnesota, https://i.pinimg.com/736x/34/e7/29/34e729b903a390edce7669b241152738.jpg
TYC759, Ford F-150 ,Negro, Minnesota, https://w7.pngwing.com/pngs/786/837/png-transparent-2016-ford-f-150-car-2015-ford-f-150-2017-ford-f-150-ford-truck-car-pickup-truck.png
TYC270, Dodge ,Negro, Minnesota, https://w7.pngwing.com/pngs/939/594/png-transparent-dodge-charger-b-body-dodge-charger-srt-hellcat-dodge-challenger-srt-hellcat-car-dodge-compact-car-sedan-car.png
TYC762, Ford Explorer ,Azul, Minnesota, https://i.pinimg.com/736x/1a/7b/cf/1a7bcf48c8fd39c922fb082ab86914eb.jpg
TYC774, Chevrolet (Chevy) Silverado ,Plateado, Minnesota, https://cdn.autocava.com.mx/series/white/0108.png
TYC750, Ford Explorer ,Negro, Minnesota, https://www.fordsantaanita.mx/Assets/ModelosNuevos/Img/Modelos/EDGE-HIBRIDA/26/coloresred/NEGRO-OBSIDIANA.png
TYC789, Dodge Durango ,Negro, Minnesota, https://w7.pngwing.com/pngs/631/424/png-transparent-2016-dodge-durango-2015-dodge-durango-sport-utility-vehicle-car-dodge-compact-car-car-vehicle.png
TYC769, Ford Explorer ,Gris, Minnesota, https://w7.pngwing.com/pngs/540/853/png-transparent-ford-motor-company-car-2016-ford-explorer-2015-ford-explorer-xlt-ford-car-automatic-transmission-transport-thumbnail.png
TYC431, N/A, N/A, N/A, N/A
TYC752, GMC Terrain ,Negro, Minnesota, https://w7.pngwing.com/pngs/416/296/png-transparent-2017-gmc-terrain-2018-gmc-terrain-2017-gmc-acadia-car-suv-car-compact-car-glass-car-thumbnail.png
TYC663, Nissan ,Gris, N/A, N/A
TYC753, Dodge Charger ,Plateado, Minnesota, https://www.pngitem.com/pimgs/m/92-920834_2014-dodge-charger-hd-png-download.png
PNC825, RAM 4x4 ,Plateada, Minnesota, https://www.ram.com/content/dam/cross-regional/nafta/ramtrucks/es_mx/paginas-genericas/mild-hybrid/02-modelos/ram-1500-mild-hybrid-longhorn-modelos-02.png.img.1440.png
TYC751, N/A, N/A, Minnesota, N/A
TYC765, Jeep Grand Cherokee ,Gris, Minnesota, https://www.jeep.com/content/dam/cross-regional/stellantis/jeep/latam-rol/chile/es_cl/modelizer-zero/grandcherokee/limited/Grand-Cherokee-gris-silver.png.img.1440.png
TYC761, Jeep Compass ,Blanco, Minnesota, https://www.jeep.com/content/dam/cross-regional/stellantis/jeep/latam-rol/peru/assets/2025-compass/compass-limited-jeep.png.img.1440.png
TYC757, Nissan Pathfinder ,Gris, Minnesota, https://vehicle-images.carscommerce.inc/stock-images/chrome/a360b690871b7989fbd48bac634e06ac.png
TYC763, RAM 1500 ,Azul, Minnesota, https://e7.pngegg.com/pngimages/500/274/png-clipart-2018-ram-1500-ram-trucks-dodge-pickup-truck-chrysler-blue-pearl-truck-car.png
TYC766, Ford Explorer ,Gris, Minnesota, https://w7.pngwing.com/pngs/540/853/png-transparent-ford-motor-company-car-2016-ford-explorer-2015-ford-explorer-xlt-ford-car-automatic-transmission-transport-thumbnail.png
TYC871, Dodge Durango ,Blanco, Minnesota, https://e7.pngegg.com/pngimages/256/409/png-clipart-2014-dodge-durango-2013-dodge-durango-car-2018-dodge-durango-dodge-compact-car-car.png
TYC767, Hyundai Tucson ,Plateado, Minnesota, https://hyundai.liralarrain.cl/wp-content/uploads/2025/02/plata-7.png
TYC760, Ford Explorer ,Blanco,  Minnesota, https://i.pinimg.com/736x/34/e7/29/34e729b903a390edce7669b241152738.jpg
TYC764, Ford F-150 ,Azul,  Minnesota,  https://e7.pngegg.com/pngimages/500/274/png-clipart-2018-ram-1500-ram-trucks-dodge-pickup-truck-chrysler-blue-pearl-truck-car.png
TYC754, GMC Acadia ,Gris,  Minnesota, https://images.dealer.com/ddc/vehicles/2026/GMC/Acadia/SUV/still/front-left/front-left-640-en_US.jpg
TYC764, Ford F-150 ,Azul,  Minnesota,  https://e7.pngegg.com/pngimages/500/274/png-clipart-2018-ram-1500-ram-trucks-dodge-pickup-truck-chrysler-blue-pearl-truck-car.png
